Workbook

Sheet Weights
A1: Component | B1: Weight (edit yellow cells) | C1: Meaning
A2: polyarchy | B2: 0.3 | C2: V-Dem electoral democracy index (0-1)
A3: libdem | B3: 0.3 | C3: V-Dem liberal democracy index (0-1): rights + constraints on the executive
A4: hdi | B4: 0.2 | C4: Human Development Index level (0-1)
A5: hdi_adj | B5: 0.2 | C5: 0.5 + (actual libdem - libdem predicted from HDI), clipped 0-1
A6: check: sum should be 1 | B6: =SUM(B2:B5)
A8: strain threshold (GDP pc yoy) | B8: -0.02 | C8: yoy change at/below this flags a 'strain year'

Sheet Summary
A1: country | B1: strain_years | C1: fwd3y_change_after_strain | D1: fwd3y_change_after_non_strain | E1: n_strain | F1: index_min | G1: index_min_year
A2: Germany | B2: 1923, 1931, 1932 | C2: -24.05 | D2: -3.93 | E2: 3 | F2: 12.7 | G2: 1935
A3: Hungary | B3: 1991, 2009, 2020 | C3: -3.94 | D3: -3.22 | E3: 3 | F3: 44.8 | G3: 2023
A4: Venezuela | B4: 1994, 1999, 2002, 2003, 2009, 2014, 2015, 2016, 2017, 2018, 2019, 2020 | C4: -3.46 | D4: -4.99 | E4: 12 | F4: 24.2 | G4: 2023
A6: Static values computed in python at default weights; per-country sheets recalculate live when weights change.

Sheet Regression
A1: Model: libdem = intercept + slope * HDI (pooled OLS, all country-years) | B1: intercept | C1: slope | D1: R^2 | E1: n
A2: historical (Escosura HDI, 1870-2020) | B2: -0.033094824 | C2: 1.1989799 | D2: 0.78979941 | E2: 3030
A3: modern (UNDP HDI, 1990-2023) | B3: -0.22981182 | C3: 0.94219316 | D3: 0.35436739 | E3: 5584

Sheet Germany
A1: year | B1: polyarchy | C1: libdem | D1: hdi | E1: hdi_source | F1: libdem_pred | G1: resid | H1: hdi_adj | I1: INDEX | J1: index_chg_3y | K1: gdp_pc | L1: gdp_yoy | M1: strain
A2: 1919 | B2: 0.577 | C2: 0.456 | D2: 0.30130361 | E2: Escosura-interp | F2: =Regression!$B$2+Regression!$C$2*D2 | G2: =C2-F2 | H2: =MAX(0,MIN(1,0.5+G2)) | I2: =100*(Weights!$B$2*B2+Weights!$B$3*C2+Weights!$B$4*D2+Weights!$B$5*H2) | K2: 4122
A3: 1920 | B3: 0.635 | C3: 0.506 | D3: 0.3085047 | E3: Escosura-interp | F3: =Regression!$B$2+Regression!$C$2*D3 | G3: =C3-F3 | H3: =MAX(0,MIN(1,0.5+G3)) | I3: =100*(Weights!$B$2*B3+Weights!$B$3*C3+Weights!$B$4*D3+Weights!$B$5*H3) | K3: 4457 | L3: =K3/K2-1 | M3: =IF(L3<=Weights!$B$8,1,0)
A4: 1921 | B4: 0.646 | C4: 0.515 | D4: 0.3157058 | E4: Escosura-interp | F4: =Regression!$B$2+Regression!$C$2*D4 | G4: =C4-F4 | H4: =MAX(0,MIN(1,0.5+G4)) | I4: =100*(Weights!$B$2*B4+Weights!$B$3*C4+Weights!$B$4*D4+Weights!$B$5*H4) | K4: 4906 | L4: =K4/K3-1 | M4: =IF(L4<=Weights!$B$8,1,0)
A5: 1922 | B5: 0.642 | C5: 0.511 | D5: 0.32290689 | E5: Escosura-interp | F5: =Regression!$B$2+Regression!$C$2*D5 | G5: =C5-F5 | H5: =MAX(0,MIN(1,0.5+G5)) | I5: =100*(Weights!$B$2*B5+Weights!$B$3*C5+Weights!$B$4*D5+Weights!$B$5*H5) | J5: =I5-I2 | K5: 5310 | L5: =K5/K4-1 | M5: =IF(L5<=Weights!$B$8,1,0)
A6: 1923 | B6: 0.629 | C6: 0.503 | D6: 0.33010798 | E6: Escosura-interp | F6: =Regression!$B$2+Regression!$C$2*D6 | G6: =C6-F6 | H6: =MAX(0,MIN(1,0.5+G6)) | I6: =100*(Weights!$B$2*B6+Weights!$B$3*C6+Weights!$B$4*D6+Weights!$B$5*H6) | J6: =I6-I3 | K6: 4383 | L6: =K6/K5-1 | M6: =IF(L6<=Weights!$B$8,1,0)
A7: 1924 | B7: 0.614 | C7: 0.491 | D7: 0.33730908 | E7: Escosura-interp | F7: =Regression!$B$2+Regression!$C$2*D7 | G7: =C7-F7 | H7: =MAX(0,MIN(1,0.5+G7)) | I7: =100*(Weights!$B$2*B7+Weights!$B$3*C7+Weights!$B$4*D7+Weights!$B$5*H7) | J7: =I7-I4 | K7: 5099 | L7: =K7/K6-1 | M7: =IF(L7<=Weights!$B$8,1,0)
A8: 1925 | B8: 0.604 | C8: 0.482 | D8: 0.34451017 | E8: Escosura-interp | F8: =Regression!$B$2+Regression!$C$2*D8 | G8: =C8-F8 | H8: =MAX(0,MIN(1,0.5+G8)) | I8: =100*(Weights!$B$2*B8+Weights!$B$3*C8+Weights!$B$4*D8+Weights!$B$5*H8) | J8: =I8-I5 | K8: 5630 | L8: =K8/K7-1 | M8: =IF(L8<=Weights!$B$8,1,0)
A9: 1926 | B9: 0.614 | C9: 0.49 | D9: 0.34900217 | E9: Escosura-interp | F9: =Regression!$B$2+Regression!$C$2*D9 | G9: =C9-F9 | H9: =MAX(0,MIN(1,0.5+G9)) | I9: =100*(Weights!$B$2*B9+Weights!$B$3*C9+Weights!$B$4*D9+Weights!$B$5*H9) | J9: =I9-I6 | K9: 5746 | L9: =K9/K8-1 | M9: =IF(L9<=Weights!$B$8,1,0)
A10: 1927 | B10: 0.614 | C10: 0.49 | D10: 0.35349417 | E10: Escosura-interp | F10: =Regression!$B$2+Regression!$C$2*D10 | G10: =C10-F10 | H10: =MAX(0,MIN(1,0.5+G10)) | I10: =100*(Weights!$B$2*B10+Weights!$B$3*C10+Weights!$B$4*D10+Weights!$B$5*H10) | J10: =I10-I7 | K10: 6282 | L10: =K10/K9-1 | M10: =IF(L10<=Weights!$B$8,1,0)
A11: 1928 | B11: 0.611 | C11: 0.487 | D11: 0.35798617 | E11: Escosura-interp | F11: =Regression!$B$2+Regression!$C$2*D11 | G11: =C11-F11 | H11: =MAX(0,MIN(1,0.5+G11)) | I11: =100*(Weights!$B$2*B11+Weights!$B$3*C11+Weights!$B$4*D11+Weights!$B$5*H11) | J11: =I11-I8 | K11: 6519 | L11: =K11/K10-1 | M11: =IF(L11<=Weights!$B$8,1,0)
A12: 1929 | B12: 0.613 | C12: 0.488 | D12: 0.36247817 | E12: Escosura-interp | F12: =Regression!$B$2+Regression!$C$2*D12 | G12: =C12-F12 | H12: =MAX(0,MIN(1,0.5+G12)) | I12: =100*(Weights!$B$2*B12+Weights!$B$3*C12+Weights!$B$4*D12+Weights!$B$5*H12) | J12: =I12-I9 | K12: 6457 | L12: =K12/K11-1 | M12: =IF(L12<=Weights!$B$8,1,0)
A13: 1930 | B13: 0.593 | C13: 0.471 | D13: 0.32768322 | E13: Escosura-interp | F13: =Regression!$B$2+Regression!$C$2*D13 | G13: =C13-F13 | H13: =MAX(0,MIN(1,0.5+G13)) | I13: =100*(Weights!$B$2*B13+Weights!$B$3*C13+Weights!$B$4*D13+Weights!$B$5*H13) | J13: =I13-I10 | K13: 6333 | L13: =K13/K12-1 | M13: =IF(L13<=Weights!$B$8,1,0)
A14: 1931 | B14: 0.573 | C14: 0.457 | D14: 0.29288827 | E14: Escosura-interp | F14: =Regression!$B$2+Regression!$C$2*D14 | G14: =C14-F14 | H14: =MAX(0,MIN(1,0.5+G14)) | I14: =100*(Weights!$B$2*B14+Weights!$B$3*C14+Weights!$B$4*D14+Weights!$B$5*H14) | J14: =I14-I11 | K14: 5821 | L14: =K14/K13-1 | M14: =IF(L14<=Weights!$B$8,1,0)
A15: 1932 | B15: 0.558 | C15: 0.434 | D15: 0.25809332 | E15: Escosura-interp | F15: =Regression!$B$2+Regression!$C$2*D15 | G15: =C15-F15 | H15: =MAX(0,MIN(1,0.5+G15)) | I15: =100*(Weights!$B$2*B15+Weights!$B$3*C15+Weights!$B$4*D15+Weights!$B$5*H15) | J15: =I15-I12 | K15: 5359 | L15: =K15/K14-1 | M15: =IF(L15<=Weights!$B$8,1,0)
A16: 1933 | B16: 0.201 | C16: 0.059 | D16: 0.22329837 | E16: Escosura-interp | F16: =Regression!$B$2+Regression!$C$2*D16 | G16: =C16-F16 | H16: =MAX(0,MIN(1,0.5+G16)) | I16: =100*(Weights!$B$2*B16+Weights!$B$3*C16+Weights!$B$4*D16+Weights!$B$5*H16) | J16: =I16-I13 | K16: 5668 | L16: =K16/K15-1 | M16: =IF(L16<=Weights!$B$8,1,0)
... A21: 1938 | B21: 0.085 | C21: 0.014 | D21: 0.16122913 | E21: Escosura-interp | F21: =Regression!$B$2+Regression!$C$2*D21 | G21: =C21-F21 | H21: =MAX(0,MIN(1,0.5+G21)) | I21: =100*(Weights!$B$2*B21+Weights!$B$3*C21+Weights!$B$4*D21+Weights!$B$5*H21) | J21: =I21-I18 | K21: 7960 | L21: =K21/K20-1 | M21: =IF(L21<=Weights!$B$8,1,0)

Sheet Hungary
A1: year | B1: polyarchy | C1: libdem | D1: hdi | E1: hdi_source | F1: libdem_pred | G1: resid | H1: hdi_adj | I1: INDEX | J1: index_chg_3y | K1: gdp_pc | L1: gdp_yoy | M1: strain
A2: 1990 | B2: 0.799 | C2: 0.715 | D2: 0.73 | E2: UNDP | F2: =Regression!$B$3+Regression!$C$3*D2 | G2: =C2-F2 | H2: =MAX(0,MIN(1,0.5+G2)) | I2: =100*(Weights!$B$2*B2+Weights!$B$3*C2+Weights!$B$4*D2+Weights!$B$5*H2) | K2: 10296
A3: 1991 | B3: 0.843 | C3: 0.757 | D3: 0.724 | E3: UNDP | F3: =Regression!$B$3+Regression!$C$3*D3 | G3: =C3-F3 | H3: =MAX(0,MIN(1,0.5+G3)) | I3: =100*(Weights!$B$2*B3+Weights!$B$3*C3+Weights!$B$4*D3+Weights!$B$5*H3) | K3: 9255.909 | L3: =K3/K2-1 | M3: =IF(L3<=Weights!$B$8,1,0)
A4: 1992 | B4: 0.843 | C4: 0.757 | D4: 0.722 | E4: UNDP | F4: =Regression!$B$3+Regression!$C$3*D4 | G4: =C4-F4 | H4: =MAX(0,MIN(1,0.5+G4)) | I4: =100*(Weights!$B$2*B4+Weights!$B$3*C4+Weights!$B$4*D4+Weights!$B$5*H4) | K4: 9153.921 | L4: =K4/K3-1 | M4: =IF(L4<=Weights!$B$8,1,0)
A5: 1993 | B5: 0.843 | C5: 0.757 | D5: 0.729 | E5: UNDP | F5: =Regression!$B$3+Regression!$C$3*D5 | G5: =C5-F5 | H5: =MAX(0,MIN(1,0.5+G5)) | I5: =100*(Weights!$B$2*B5+Weights!$B$3*C5+Weights!$B$4*D5+Weights!$B$5*H5) | J5: =I5-I2 | K5: 9294.464 | L5: =K5/K4-1 | M5: =IF(L5<=Weights!$B$8,1,0)
A6: 1994 | B6: 0.842 | C6: 0.755 | D6: 0.739 | E6: UNDP | F6: =Regression!$B$3+Regression!$C$3*D6 | G6: =C6-F6 | H6: =MAX(0,MIN(1,0.5+G6)) | I6: =100*(Weights!$B$2*B6+Weights!$B$3*C6+Weights!$B$4*D6+Weights!$B$5*H6) | J6: =I6-I3 | K6: 9772.224 | L6: =K6/K5-1 | M6: =IF(L6<=Weights!$B$8,1,0)
A7: 1995 | B7: 0.844 | C7: 0.756 | D7: 0.744 | E7: UNDP | F7: =Regression!$B$3+Regression!$C$3*D7 | G7: =C7-F7 | H7: =MAX(0,MIN(1,0.5+G7)) | I7: =100*(Weights!$B$2*B7+Weights!$B$3*C7+Weights!$B$4*D7+Weights!$B$5*H7) | J7: =I7-I4 | K7: 10134.834 | L7: =K7/K6-1 | M7: =IF(L7<=Weights!$B$8,1,0)
A8: 1996 | B8: 0.844 | C8: 0.756 | D8: 0.752 | E8: UNDP | F8: =Regression!$B$3+Regression!$C$3*D8 | G8: =C8-F8 | H8: =MAX(0,MIN(1,0.5+G8)) | I8: =100*(Weights!$B$2*B8+Weights!$B$3*C8+Weights!$B$4*D8+Weights!$B$5*H8) | J8: =I8-I5 | K8: 10359.182 | L8: =K8/K7-1 | M8: =IF(L8<=Weights!$B$8,1,0)
A9: 1997 | B9: 0.844 | C9: 0.757 | D9: 0.758 | E9: UNDP | F9: =Regression!$B$3+Regression!$C$3*D9 | G9: =C9-F9 | H9: =MAX(0,MIN(1,0.5+G9)) | I9: =100*(Weights!$B$2*B9+Weights!$B$3*C9+Weights!$B$4*D9+Weights!$B$5*H9) | J9: =I9-I6 | K9: 10942.326 | L9: =K9/K8-1 | M9: =IF(L9<=Weights!$B$8,1,0)
A10: 1998 | B10: 0.84 | C10: 0.754 | D10: 0.764 | E10: UNDP | F10: =Regression!$B$3+Regression!$C$3*D10 | G10: =C10-F10 | H10: =MAX(0,MIN(1,0.5+G10)) | I10: =100*(Weights!$B$2*B10+Weights!$B$3*C10+Weights!$B$4*D10+Weights!$B$5*H10) | J10: =I10-I7 | K10: 11663.028 | L10: =K10/K9-1 | M10: =IF(L10<=Weights!$B$8,1,0)
A11: 1999 | B11: 0.839 | C11: 0.75 | D11: 0.771 | E11: UNDP | F11: =Regression!$B$3+Regression!$C$3*D11 | G11: =C11-F11 | H11: =MAX(0,MIN(1,0.5+G11)) | I11: =100*(Weights!$B$2*B11+Weights!$B$3*C11+Weights!$B$4*D11+Weights!$B$5*H11) | J11: =I11-I8 | K11: 12316.724 | L11: =K11/K10-1 | M11: =IF(L11<=Weights!$B$8,1,0)
A12: 2000 | B12: 0.839 | C12: 0.75 | D12: 0.781 | E12: UNDP | F12: =Regression!$B$3+Regression!$C$3*D12 | G12: =C12-F12 | H12: =MAX(0,MIN(1,0.5+G12)) | I12: =100*(Weights!$B$2*B12+Weights!$B$3*C12+Weights!$B$4*D12+Weights!$B$5*H12) | J12: =I12-I9 | K12: 13129.273 | L12: =K12/K11-1 | M12: =IF(L12<=Weights!$B$8,1,0)
A13: 2001 | B13: 0.839 | C13: 0.75 | D13: 0.791 | E13: UNDP | F13: =Regression!$B$3+Regression!$C$3*D13 | G13: =C13-F13 | H13: =MAX(0,MIN(1,0.5+G13)) | I13: =100*(Weights!$B$2*B13+Weights!$B$3*C13+Weights!$B$4*D13+Weights!$B$5*H13) | J13: =I13-I10 | K13: 13933.562 | L13: =K13/K12-1 | M13: =IF(L13<=Weights!$B$8,1,0)
A14: 2002 | B14: 0.842 | C14: 0.755 | D14: 0.8 | E14: UNDP | F14: =Regression!$B$3+Regression!$C$3*D14 | G14: =C14-F14 | H14: =MAX(0,MIN(1,0.5+G14)) | I14: =100*(Weights!$B$2*B14+Weights!$B$3*C14+Weights!$B$4*D14+Weights!$B$5*H14) | J14: =I14-I11 | K14: 14899.307 | L14: =K14/K13-1 | M14: =IF(L14<=Weights!$B$8,1,0)
A15: 2003 | B15: 0.843 | C15: 0.759 | D15: 0.807 | E15: UNDP | F15: =Regression!$B$3+Regression!$C$3*D15 | G15: =C15-F15 | H15: =MAX(0,MIN(1,0.5+G15)) | I15: =100*(Weights!$B$2*B15+Weights!$B$3*C15+Weights!$B$4*D15+Weights!$B$5*H15) | J15: =I15-I12 | K15: 15829.9 | L15: =K15/K14-1 | M15: =IF(L15<=Weights!$B$8,1,0)
A16: 2004 | B16: 0.843 | C16: 0.759 | D16: 0.811 | E16: UNDP | F16: =Regression!$B$3+Regression!$C$3*D16 | G16: =C16-F16 | H16: =MAX(0,MIN(1,0.5+G16)) | I16: =100*(Weights!$B$2*B16+Weights!$B$3*C16+Weights!$B$4*D16+Weights!$B$5*H16) | J16: =I16-I13 | K16: 16999.006 | L16: =K16/K15-1 | M16: =IF(L16<=Weights!$B$8,1,0)
... A34: 2022 | B34: 0.447 | C34: 0.335 | D34: 0.867 | E34: UNDP | F34: =Regression!$B$3+Regression!$C$3*D34 | G34: =C34-F34 | H34: =MAX(0,MIN(1,0.5+G34)) | I34: =100*(Weights!$B$2*B34+Weights!$B$3*C34+Weights!$B$4*D34+Weights!$B$5*H34) | J34: =I34-I31 | K34: 29451.855 | L34: =K34/K33-1 | M34: =IF(L34<=Weights!$B$8,1,0)
A35: 2023 | B35: 0.434 | C35: 0.323 | D35: 0.87 | E35: UNDP | F35: =Regression!$B$3+Regression!$C$3*D35 | G35: =C35-F35 | H35: =MAX(0,MIN(1,0.5+G35)) | I35: =100*(Weights!$B$2*B35+Weights!$B$3*C35+Weights!$B$4*D35+Weights!$B$5*H35) | J35: =I35-I32

Sheet Venezuela
A1: year | B1: polyarchy | C1: libdem | D1: hdi | E1: hdi_source | F1: libdem_pred | G1: resid | H1: hdi_adj | I1: INDEX | J1: index_chg_3y | K1: gdp_pc | L1: gdp_yoy | M1: strain
A2: 1990 | B2: 0.741 | C2: 0.595 | D2: 0.658 | E2: UNDP | F2: =Regression!$B$3+Regression!$C$3*D2 | G2: =C2-F2 | H2: =MAX(0,MIN(1,0.5+G2)) | I2: =100*(Weights!$B$2*B2+Weights!$B$3*C2+Weights!$B$4*D2+Weights!$B$5*H2) | K2: 13251
A3: 1991 | B3: 0.742 | C3: 0.618 | D3: 0.669 | E3: UNDP | F3: =Regression!$B$3+Regression!$C$3*D3 | G3: =C3-F3 | H3: =MAX(0,MIN(1,0.5+G3)) | I3: =100*(Weights!$B$2*B3+Weights!$B$3*C3+Weights!$B$4*D3+Weights!$B$5*H3) | K3: 14274.525 | L3: =K3/K2-1 | M3: =IF(L3<=Weights!$B$8,1,0)
A4: 1992 | B4: 0.733 | C4: 0.609 | D4: 0.676 | E4: UNDP | F4: =Regression!$B$3+Regression!$C$3*D4 | G4: =C4-F4 | H4: =MAX(0,MIN(1,0.5+G4)) | I4: =100*(Weights!$B$2*B4+Weights!$B$3*C4+Weights!$B$4*D4+Weights!$B$5*H4) | K4: 14901.616 | L4: =K4/K3-1 | M4: =IF(L4<=Weights!$B$8,1,0)
A5: 1993 | B5: 0.744 | C5: 0.614 | D5: 0.68 | E5: UNDP | F5: =Regression!$B$3+Regression!$C$3*D5 | G5: =C5-F5 | H5: =MAX(0,MIN(1,0.5+G5)) | I5: =100*(Weights!$B$2*B5+Weights!$B$3*C5+Weights!$B$4*D5+Weights!$B$5*H5) | J5: =I5-I2 | K5: 14693.902 | L5: =K5/K4-1 | M5: =IF(L5<=Weights!$B$8,1,0)
A6: 1994 | B6: 0.748 | C6: 0.602 | D6: 0.681 | E6: UNDP | F6: =Regression!$B$3+Regression!$C$3*D6 | G6: =C6-F6 | H6: =MAX(0,MIN(1,0.5+G6)) | I6: =100*(Weights!$B$2*B6+Weights!$B$3*C6+Weights!$B$4*D6+Weights!$B$5*H6) | J6: =I6-I3 | K6: 14129.278 | L6: =K6/K5-1 | M6: =IF(L6<=Weights!$B$8,1,0)
A7: 1995 | B7: 0.748 | C7: 0.604 | D7: 0.687 | E7: UNDP | F7: =Regression!$B$3+Regression!$C$3*D7 | G7: =C7-F7 | H7: =MAX(0,MIN(1,0.5+G7)) | I7: =100*(Weights!$B$2*B7+Weights!$B$3*C7+Weights!$B$4*D7+Weights!$B$5*H7) | J7: =I7-I4 | K7: 14448.282 | L7: =K7/K6-1 | M7: =IF(L7<=Weights!$B$8,1,0)
A8: 1996 | B8: 0.748 | C8: 0.604 | D8: 0.69 | E8: UNDP | F8: =Regression!$B$3+Regression!$C$3*D8 | G8: =C8-F8 | H8: =MAX(0,MIN(1,0.5+G8)) | I8: =100*(Weights!$B$2*B8+Weights!$B$3*C8+Weights!$B$4*D8+Weights!$B$5*H8) | J8: =I8-I5 | K8: 14211.81 | L8: =K8/K7-1 | M8: =IF(L8<=Weights!$B$8,1,0)
A9: 1997 | B9: 0.746 | C9: 0.603 | D9: 0.698 | E9: UNDP | F9: =Regression!$B$3+Regression!$C$3*D9 | G9: =C9-F9 | H9: =MAX(0,MIN(1,0.5+G9)) | I9: =100*(Weights!$B$2*B9+Weights!$B$3*C9+Weights!$B$4*D9+Weights!$B$5*H9) | J9: =I9-I6 | K9: 14894.337 | L9: =K9/K8-1 | M9: =IF(L9<=Weights!$B$8,1,0)
A10: 1998 | B10: 0.73 | C10: 0.575 | D10: 0.7 | E10: UNDP | F10: =Regression!$B$3+Regression!$C$3*D10 | G10: =C10-F10 | H10: =MAX(0,MIN(1,0.5+G10)) | I10: =100*(Weights!$B$2*B10+Weights!$B$3*C10+Weights!$B$4*D10+Weights!$B$5*H10) | J10: =I10-I7 | K10: 14739.051 | L10: =K10/K9-1 | M10: =IF(L10<=Weights!$B$8,1,0)
A11: 1999 | B11: 0.665 | C11: 0.44 | D11: 0.698 | E11: UNDP | F11: =Regression!$B$3+Regression!$C$3*D11 | G11: =C11-F11 | H11: =MAX(0,MIN(1,0.5+G11)) | I11: =100*(Weights!$B$2*B11+Weights!$B$3*C11+Weights!$B$4*D11+Weights!$B$5*H11) | J11: =I11-I8 | K11: 13669.484 | L11: =K11/K10-1 | M11: =IF(L11<=Weights!$B$8,1,0)
A12: 2000 | B12: 0.573 | C12: 0.31 | D12: 0.703 | E12: UNDP | F12: =Regression!$B$3+Regression!$C$3*D12 | G12: =C12-F12 | H12: =MAX(0,MIN(1,0.5+G12)) | I12: =100*(Weights!$B$2*B12+Weights!$B$3*C12+Weights!$B$4*D12+Weights!$B$5*H12) | J12: =I12-I9 | K12: 13992.608 | L12: =K12/K11-1 | M12: =IF(L12<=Weights!$B$8,1,0)
A13: 2001 | B13: 0.529 | C13: 0.288 | D13: 0.708 | E13: UNDP | F13: =Regression!$B$3+Regression!$C$3*D13 | G13: =C13-F13 | H13: =MAX(0,MIN(1,0.5+G13)) | I13: =100*(Weights!$B$2*B13+Weights!$B$3*C13+Weights!$B$4*D13+Weights!$B$5*H13) | J13: =I13-I10 | K13: 14298.037 | L13: =K13/K12-1 | M13: =IF(L13<=Weights!$B$8,1,0)
A14: 2002 | B14: 0.495 | C14: 0.255 | D14: 0.716 | E14: UNDP | F14: =Regression!$B$3+Regression!$C$3*D14 | G14: =C14-F14 | H14: =MAX(0,MIN(1,0.5+G14)) | I14: =100*(Weights!$B$2*B14+Weights!$B$3*C14+Weights!$B$4*D14+Weights!$B$5*H14) | J14: =I14-I11 | K14: 12856.049 | L14: =K14/K13-1 | M14: =IF(L14<=Weights!$B$8,1,0)
A15: 2003 | B15: 0.487 | C15: 0.243 | D15: 0.707 | E15: UNDP | F15: =Regression!$B$3+Regression!$C$3*D15 | G15: =C15-F15 | H15: =MAX(0,MIN(1,0.5+G15)) | I15: =100*(Weights!$B$2*B15+Weights!$B$3*C15+Weights!$B$4*D15+Weights!$B$5*H15) | J15: =I15-I12 | K15: 11728.183 | L15: =K15/K14-1 | M15: =IF(L15<=Weights!$B$8,1,0)
A16: 2004 | B16: 0.475 | C16: 0.216 | D16: 0.718 | E16: UNDP | F16: =Regression!$B$3+Regression!$C$3*D16 | G16: =C16-F16 | H16: =MAX(0,MIN(1,0.5+G16)) | I16: =100*(Weights!$B$2*B16+Weights!$B$3*C16+Weights!$B$4*D16+Weights!$B$5*H16) | J16: =I16-I13 | K16: 13713.045 | L16: =K16/K15-1 | M16: =IF(L16<=Weights!$B$8,1,0)
... A34: 2022 | B34: 0.209 | C34: 0.054 | D34: 0.706 | E34: UNDP | F34: =Regression!$B$3+Regression!$C$3*D34 | G34: =C34-F34 | H34: =MAX(0,MIN(1,0.5+G34)) | I34: =100*(Weights!$B$2*B34+Weights!$B$3*C34+Weights!$B$4*D34+Weights!$B$5*H34) | J34: =I34-I31 | K34: 5267.1753 | L34: =K34/K33-1 | M34: =IF(L34<=Weights!$B$8,1,0)
A35: 2023 | B35: 0.206 | C35: 0.053 | D35: 0.709 | E35: UNDP | F35: =Regression!$B$3+Regression!$C$3*D35 | G35: =C35-F35 | H35: =MAX(0,MIN(1,0.5+G35)) | I35: =100*(Weights!$B$2*B35+Weights!$B$3*C35+Weights!$B$4*D35+Weights!$B$5*H35) | J35: =I35-I32
